{"Mean":{"confidence_interval":{"confidence_level":0.95,"lower_bound":53196479.84857417,"upper_bound":54277980.240629345},"point_estimate":53683807.29975912,"standard_error":275697.96427265863},"Median":{"confidence_interval":{"confidence_level":0.95,"lower_bound":52537307.24699828,"upper_bound":53568106.48148148},"point_estimate":52936808.10647307,"standard_error":292647.06884619594},"MedianAbsDev":{"confidence_interval":{"confidence_level":0.95,"lower_bound":1297003.3593484217,"upper_bound":2443670.6966161765},"point_estimate":1639938.7899193554,"standard_error":298293.395469506},"Slope":{"confidence_interval":{"confidence_level":0.95,"lower_bound":53488956.01542191,"upper_bound":55737077.502861634},"point_estimate":54420155.4219004,"standard_error":590018.6254495323},"StdDev":{"confidence_interval":{"confidence_level":0.95,"lower_bound":1650930.5425821631,"upper_bound":4002631.2085442664},"point_estimate":2770634.1817923565,"standard_error":691260.2043160351}}